blog_id,title,source_file,source_path,created_at,updated_at,tags,status
blog_001,multiple llms blog generation workflow,blog_001_multiple_llms_blog_generation_workflow.ipynb.txt,/Users/anushayaramala/Local_LLAMA_Training/data/raw/blogs/blog_001_multiple_llms_blog_generation_workflow.ipynb.txt,2026-04-11T23:51:03Z,2026-04-11T23:51:03Z,,processed
blog_002,how do you evaluate llm applications metrics benchmarks and,blog_002_how_do_you_evaluate_llm_applications_metrics_benchmarks_and_.txt,/Users/anushayaramala/Local_LLAMA_Training/data/raw/blogs/blog_002_how_do_you_evaluate_llm_applications_metrics_benchmarks_and_.txt,2026-04-11T23:51:03Z,2026-04-11T23:51:03Z,,processed
blog_003,how do you design scalable llm systems from api to productio,blog_003_how_do_you_design_scalable_llm_systems_from_api_to_productio.txt,/Users/anushayaramala/Local_LLAMA_Training/data/raw/blogs/blog_003_how_do_you_design_scalable_llm_systems_from_api_to_productio.txt,2026-04-11T23:51:03Z,2026-04-11T23:51:03Z,,processed
blog_004,how do you build a productionready rag pipeline endtoend,blog_004_how_do_you_build_a_productionready_rag_pipeline_endtoend.txt,/Users/anushayaramala/Local_LLAMA_Training/data/raw/blogs/blog_004_how_do_you_build_a_productionready_rag_pipeline_endtoend.txt,2026-04-11T23:51:03Z,2026-04-11T23:51:03Z,,processed
blog_005,how do you do advanced prompt engineering for production llm,blog_005_how_do_you_do_advanced_prompt_engineering_for_production_llm.txt,/Users/anushayaramala/Local_LLAMA_Training/data/raw/blogs/blog_005_how_do_you_do_advanced_prompt_engineering_for_production_llm.txt,2026-04-11T23:51:03Z,2026-04-11T23:51:03Z,,processed
blog_006,how do vector databases and embeddings work in ai systems,blog_006_how_do_vector_databases_and_embeddings_work_in_ai_systems.txt,/Users/anushayaramala/Local_LLAMA_Training/data/raw/blogs/blog_006_how_do_vector_databases_and_embeddings_work_in_ai_systems.txt,2026-04-11T23:51:03Z,2026-04-11T23:51:03Z,,processed
blog_007,How do you monitor and maintain ML models after deployment,blog_007_How_do_you_monitor_and_maintain_ML_models_after_deployment.txt,/Users/anushayaramala/Local_LLAMA_Training/data/raw/blogs/blog_007_How_do_you_monitor_and_maintain_ML_models_after_deployment.txt,2026-04-11T23:51:03Z,2026-04-11T23:51:03Z,,processed
blog_008,guardrails blog,blog_008_guardrails_blog.txt,/Users/anushayaramala/Local_LLAMA_Training/data/raw/blogs/blog_008_guardrails_blog.txt,2026-04-11T23:51:03Z,2026-04-11T23:51:03Z,,processed
blog_009,memory blog,blog_009_memory_blog.txt,/Users/anushayaramala/Local_LLAMA_Training/data/raw/blogs/blog_009_memory_blog.txt,2026-04-11T23:51:03Z,2026-04-11T23:51:03Z,,processed
blog_010,how do you design multiagent ai systems with langgraph,blog_010_how_do_you_design_multiagent_ai_systems_with_langgraph.txt,/Users/anushayaramala/Local_LLAMA_Training/data/raw/blogs/blog_010_how_do_you_design_multiagent_ai_systems_with_langgraph.txt,2026-04-11T23:51:03Z,2026-04-11T23:51:03Z,,processed
blog_011,how do you evaluate and monitor llm applications in producti,blog_011_how_do_you_evaluate_and_monitor_llm_applications_in_producti.txt,/Users/anushayaramala/Local_LLAMA_Training/data/raw/blogs/blog_011_how_do_you_evaluate_and_monitor_llm_applications_in_producti.txt,2026-04-11T23:51:03Z,2026-04-11T23:51:03Z,,processed
blog_012,how to evaluate ml models in production,blog_012_how_to_evaluate_ml_models_in_production.txt,/Users/anushayaramala/Local_LLAMA_Training/data/raw/blogs/blog_012_how_to_evaluate_ml_models_in_production.txt,2026-04-11T23:51:03Z,2026-04-11T23:51:03Z,,processed
blog_013,how to deploy ml models in production,blog_013_how_to_deploy_ml_models_in_production.txt,/Users/anushayaramala/Local_LLAMA_Training/data/raw/blogs/blog_013_how_to_deploy_ml_models_in_production.txt,2026-04-11T23:51:03Z,2026-04-11T23:51:03Z,,processed
blog_014,how to monitor and maintain ml models,blog_014_how_to_monitor_and_maintain_ml_models.txt,/Users/anushayaramala/Local_LLAMA_Training/data/raw/blogs/blog_014_how_to_monitor_and_maintain_ml_models.txt,2026-04-11T23:51:03Z,2026-04-11T23:51:03Z,,processed
blog_015,multi agent vs single agent decision,blog_015_multi_agent_vs_single_agent_decision.txt,/Users/anushayaramala/Local_LLAMA_Training/data/raw/blogs/blog_015_multi_agent_vs_single_agent_decision.txt,2026-04-11T23:51:03Z,2026-04-11T23:51:03Z,,processed
blog_016,do you need an llm solution,blog_016_do_you_need_an_llm_solution.txt,/Users/anushayaramala/Local_LLAMA_Training/data/raw/blogs/blog_016_do_you_need_an_llm_solution.txt,2026-04-11T23:51:03Z,2026-04-11T23:51:03Z,,processed
blog_017,choose right ai evaluation metrics,blog_017_choose_right_ai_evaluation_metrics.txt,/Users/anushayaramala/Local_LLAMA_Training/data/raw/blogs/blog_017_choose_right_ai_evaluation_metrics.txt,2026-04-11T23:51:03Z,2026-04-11T23:51:03Z,,processed
blog_018,How do you handle data drift and model drift in ML systems,blog_018_How_do_you_handle_data_drift_and_model_drift_in_ML_systems.txt,/Users/anushayaramala/Local_LLAMA_Training/data/raw/blogs/blog_018_How_do_you_handle_data_drift_and_model_drift_in_ML_systems.txt,2026-04-11T23:51:03Z,2026-04-11T23:51:03Z,,processed
blog_019,batch vs realtime ml,blog_019_batch_vs_realtime_ml.txt,/Users/anushayaramala/Local_LLAMA_Training/data/raw/blogs/blog_019_batch_vs_realtime_ml.txt,2026-04-11T23:51:03Z,2026-04-11T23:51:03Z,,processed
blog_020,agent vs pipeline,blog_020_agent_vs_pipeline.txt,/Users/anushayaramala/Local_LLAMA_Training/data/raw/blogs/blog_020_agent_vs_pipeline.txt,2026-04-11T23:51:03Z,2026-04-11T23:51:03Z,,processed
blog_021,choose embedding model,blog_021_choose_embedding_model.txt,/Users/anushayaramala/Local_LLAMA_Training/data/raw/blogs/blog_021_choose_embedding_model.txt,2026-04-11T23:51:03Z,2026-04-11T23:51:03Z,,processed
blog_022,open source vs api models,blog_022_open_source_vs_api_models.txt,/Users/anushayaramala/Local_LLAMA_Training/data/raw/blogs/blog_022_open_source_vs_api_models.txt,2026-04-11T23:51:03Z,2026-04-11T23:51:03Z,,processed
blog_023,choose vector database,blog_023_choose_vector_database.txt,/Users/anushayaramala/Local_LLAMA_Training/data/raw/blogs/blog_023_choose_vector_database.txt,2026-04-11T23:51:03Z,2026-04-11T23:51:03Z,,processed
blog_024,rag vs finetuning,blog_024_rag_vs_finetuning.txt,/Users/anushayaramala/Local_LLAMA_Training/data/raw/blogs/blog_024_rag_vs_finetuning.txt,2026-04-11T23:51:03Z,2026-04-11T23:51:03Z,,processed
blog_025,choose llm for use case,blog_025_choose_llm_for_use_case.txt,/Users/anushayaramala/Local_LLAMA_Training/data/raw/blogs/blog_025_choose_llm_for_use_case.txt,2026-04-11T23:51:03Z,2026-04-11T23:51:03Z,,processed
blog_026,multi agent vs single agent,blog_026_multi_agent_vs_single_agent.txt,/Users/anushayaramala/Local_LLAMA_Training/data/raw/blogs/blog_026_multi_agent_vs_single_agent.txt,2026-04-11T23:51:03Z,2026-04-11T23:51:03Z,,processed
blog_027,do you need llm,blog_027_do_you_need_llm.txt,/Users/anushayaramala/Local_LLAMA_Training/data/raw/blogs/blog_027_do_you_need_llm.txt,2026-04-11T23:51:03Z,2026-04-11T23:51:03Z,,processed
blog_028,evaluation metrics ai,blog_028_evaluation_metrics_ai.txt,/Users/anushayaramala/Local_LLAMA_Training/data/raw/blogs/blog_028_evaluation_metrics_ai.txt,2026-04-11T23:51:03Z,2026-04-11T23:51:03Z,,processed
blog_029,cloud vs self hosted ai,blog_029_cloud_vs_self_hosted_ai.txt,/Users/anushayaramala/Local_LLAMA_Training/data/raw/blogs/blog_029_cloud_vs_self_hosted_ai.txt,2026-04-11T23:51:03Z,2026-04-11T23:51:03Z,,processed
blog_030,choose data storage strategy sql nosql vector,blog_030_choose_data_storage_strategy_sql_nosql_vector.txt,/Users/anushayaramala/Local_LLAMA_Training/data/raw/blogs/blog_030_choose_data_storage_strategy_sql_nosql_vector.txt,2026-04-11T23:51:03Z,2026-04-11T23:51:03Z,,processed
blog_031,model size vs cost tradeoff,blog_031_model_size_vs_cost_tradeoff.txt,/Users/anushayaramala/Local_LLAMA_Training/data/raw/blogs/blog_031_model_size_vs_cost_tradeoff.txt,2026-04-11T23:51:03Z,2026-04-11T23:51:03Z,,processed
blog_032,langgraph vs langchain,blog_032_langgraph_vs_langchain.txt,/Users/anushayaramala/Local_LLAMA_Training/data/raw/blogs/blog_032_langgraph_vs_langchain.txt,2026-04-11T23:51:03Z,2026-04-11T23:51:03Z,,processed
blog_033,latency vs accuracy tradeoff,blog_033_latency_vs_accuracy_tradeoff.txt,/Users/anushayaramala/Local_LLAMA_Training/data/raw/blogs/blog_033_latency_vs_accuracy_tradeoff.txt,2026-04-11T23:51:03Z,2026-04-11T23:51:03Z,,processed
